"Read Details","Vairāk informācijas",module,Magento_AdminNotification
"Mark as Read","Atzīmēt kā izlasītu",module,Magento_AdminNotification
"Are you sure?","Vai esat pārliecināts?",module,Magento_AdminNotification
Remove,Dzēst,module,Magento_AdminNotification
"Messages Inbox","Ziņu iesūtne",module,Magento_AdminNotification
"You have %1 new system messages","Jums ir %1 jaunas sistēmas ziņas",module,Magento_AdminNotification
"You have %1 new system message","Jums ir %1 jauna sistēmas ziņa",module,Magento_AdminNotification
"Incoming Message","Ienākošā ziņa",module,Magento_AdminNotification
close,aizvērt,module,Magento_AdminNotification
Notifications,Paziņojumi,module,Magento_AdminNotification
"The message has been marked as Read.","Ziņa atzīmēta kā izlasīta.",module,Magento_AdminNotification
"We couldn't mark the notification as Read because of an error.","Kļūdas dēļ nevarēja atzīmēt ziņu kā izlasītu.",module,Magento_AdminNotification
"Please select messages.","Izvēlieties ziņas.",module,Magento_AdminNotification
"A total of %1 record(s) have been marked as Read.","Kopā %1 ziņa(s) atzīmētas kā izlasītas.",module,Magento_AdminNotification
"Total of %1 record(s) have been removed.","Pavisam nodzēstas %1 ziņa(s).",module,Magento_AdminNotification
"We couldn't remove the messages because of an error.","Nevar nodzēst ziņu kļūdas dēļ.",module,Magento_AdminNotification
"The message has been removed.","Ziņa ir nodzēsta.",module,Magento_AdminNotification
"1 Hour","1 stunda",module,Magento_AdminNotification
"2 Hours","2 stundas",module,Magento_AdminNotification
"6 Hours","6 stundas",module,Magento_AdminNotification
"12 Hours","12 stundas",module,Magento_AdminNotification
"24 Hours","24 stundas",module,Magento_AdminNotification
critical,kritisks,module,Magento_AdminNotification
major,svarīgs,module,Magento_AdminNotification
minor,mazsvarīgs,module,Magento_AdminNotification
notice,paziņojums,module,Magento_AdminNotification
"Wrong message type","Nepareizs ziņas veids",module,Magento_AdminNotification
"Wrong notification ID specified.","Norādīts nepareizs paziņojuma ID.",module,Magento_AdminNotification
"Please go to <a href=""%1"">Cache Management</a> and refresh cache types.","Ejiet uz <a href=""%1"">Keša pārvaldība</a> un atjaunojiet keša veidus.",module,Magento_AdminNotification
"Synchronization of media storages has been completed.","Mēdiju failu sinhronizācija ir pabeigta.",module,Magento_AdminNotification
"Critical System Messages","Kristiski sistēmas paziņojumi",module,Magento_AdminNotification
"Major System Messages","Svarīgi sistēmas paziņojumi",module,Magento_AdminNotification
"System messages","Sistēmas paziņojumi",module,Magento_AdminNotification
Close,Aizvērt,module,Magento_AdminNotification
"We can't find the role for the user you wanted.","Nevar atrast nepieciešamo lietotāja lomu.",module,Magento_Authorization
"Something went wrong while compiling a list of allowed resources. You can find out more in the exceptions log.","Notikusi kļūda kompilējot atļauto resursu sarakstu. Vairāk informācijas noraidījumu log failā.",module,Magento_Authorization
"You created the order.","Jūs izveidojāt pasūtījumu.",module,Magento_Authorizenet
"Order saving error: %1","Kļūda saglabājot pasūtījumu: %1",module,Magento_Authorizenet
"Please choose a payment method.","Izvēlieties maksāšanas veidu.",module,Magento_Authorizenet
"We can't process your order right now. Please try again later.","Nevaram pašlaik apstrādāt Jūsu pasūtījumu. Mēģiniet vēlāk.",module,Magento_Authorizenet
"Credit Card: xxxx-%1","Kredītkarte: xxxx-%1",module,Magento_Authorizenet
"amount %1","skaits %1",module,Magento_Authorizenet
failed.,neizdevās.,module,Magento_Authorizenet
successful.,veiksmīgi.,module,Magento_Authorizenet
"Authorize.Net Transaction ID %1.","Authorize.Net transakcijas ID %1.",module,Magento_Authorizenet
authorize,autorizēt,module,Magento_Authorizenet
"authorize and capture","autorizēt un saņemt",module,Magento_Authorizenet
capture,saņemt,module,Magento_Authorizenet
refund,atmaksāt,module,Magento_Authorizenet
void,anulēt,module,Magento_Authorizenet
"Gateway error: %1","Vārtejas kļūda: %1",module,Magento_Authorizenet
"Something went wrong in the payment gateway.","Notikusi kļūda maksājuma vārtejā.",module,Magento_Authorizenet
"Invalid amount for capture.","Nepareiza summa saņemšanai.",module,Magento_Authorizenet
"Payment capturing error.","Maksājuma saņemšanas kļūda.",module,Magento_Authorizenet
"Invalid transaction ID.","Nepareizs transakcijas ID.",module,Magento_Authorizenet
"Payment voiding error.","Maksājuma anulācijas kļūda.",module,Magento_Authorizenet
"Invalid amount for refund.","Nepareiza atmaksas summa.",module,Magento_Authorizenet
"Payment refunding error.","Atmaksas maksājuma kļūda.",module,Magento_Authorizenet
"The transaction was declined because the response hash validation failed.","Transakcija tika atcelta, jo atbildes hash validācija bija nepareiza.",module,Magento_Authorizenet
"This payment didn't work out because we can't find this order.","Maksājums neizdevās, jo nevar atrast šo pasūtījumu.",module,Magento_Authorizenet
"There was a payment authorization error.","Maksājuma autorizācijas kļūda.",module,Magento_Authorizenet
"Please enter a transaction ID to authorize this payment.","Ievadiet transakcijas ID lai autorizētu šo maksājumu.",module,Magento_Authorizenet
"Something went wrong: the paid amount doesn't match the order amount. Please correct this and try again.","Kļūda: samaksātā summa neatbilst pasūtījuma summai. Izlabojiet un mēģiniet vēlreiz.",module,Magento_Authorizenet
"Transaction %1 has been approved. Amount %2. Transaction status is ""%3""","Transakcija %1 tika apstiprināta. Summa %2. Transakcijas statuss ""%3""",module,Magento_Authorizenet
"Transaction %1 has been voided/declined. Transaction status is ""%2"". Amount %3.","Transakcija %1 tika anulēta/noraidīta. Transakcijas statuss ir ""%2"". Summa %3.",module,Magento_Authorizenet
"Authorize Only","Tikai autorizācija",module,Magento_Authorizenet
"Authorize and Capture","Autorizēt un saņemt",module,Magento_Authorizenet
"Unable to get transaction details. Try again later.","Nevar saņemt transakcijas detaļas. Mēģiniet vēlāk.",module,Magento_Authorizenet
"Credit Card Type","Kredītkartes veids",module,Magento_Authorizenet
"Credit Card Number","Kredītkartes numurs",module,Magento_Authorizenet
"Expiration Date","Derīguma termiņš",module,Magento_Authorizenet
"Card Verification Number","Kredītkartes pārbaudes kods",module,Magento_Authorizenet
"FDS Filter Action","FDS filtra darbība",module,Magento_Authorizenet
"AVS Response","AVS atbilde",module,Magento_Authorizenet
"Card Code Response","Kodu kartes atbilde",module,Magento_Authorizenet
"CAVV Response","CAVV atbilde",module,Magento_Authorizenet
"Fraud Filters","Krāpšanas filtri",module,Magento_Authorizenet
"System Backup","Sistēmas rezerves kopija",module,Magento_Backup
"Database and Media Backup","Datu bāzes un multimēdijas rezerves kopija",module,Magento_Backup
"Database Backup","Datu bāzes rezerves kopija",module,Magento_Backup
"The archive can be uncompressed with <a href=""%1"">%2</a> on Windows systems.","Uz Windows sistēmām arhīvu var atkompresēt ar <a href=""%1"">%2</a>.",module,Magento_Backup
"You need more permissions to activate maintenance mode right now.","Jums nepieciešams vairāk tisības lai ieslēgtu lapu uzturēšanas režīmā.",module,Magento_Backup
"Something went wrong while putting your store into maintenance mode.","Kļūdz pārslēdzot veikalu uzturēšanas režīmā.",module,Magento_Backup
"You need more free space to create a backup.","Nepieciešams vairāk vietas lai izveidotu rezerves kopiju.",module,Magento_Backup
"You need more permissions to create a backup.","Nepieciešams vairāk atļaujas lai izveidotu rezerves kopiju.",module,Magento_Backup
"We can't create the backup right now.","Pašlaik nevar izveidot rezerves kopiju.",module,Magento_Backup
Backups,"Rezerves kopijas",module,Magento_Backup
System,Sistēma,module,Magento_Backup
Tools,Rīki,module,Magento_Backup
Backup,"Rezerves kopija",module,Magento_Backup
"We can't delete one or more backups.","Nevar nodzēst vienu vai vairākas rezerves kopijas.",module,Magento_Backup
failed,neizdevās,module,Magento_Backup
successful,veiksmīgi,module,Magento_Backup
"You deleted the selected backup(s).","Izvēlētās rezerves ir nodzēstas.",module,Magento_Backup
"Can't load snapshot archive","Nevar ielādēt ēnkopijas arhīvu",module,Magento_Backup
"Please correct the password.","Izlabojiet paroli.",module,Magento_Backup
"We can't find the backup file.","Nevar atrast rezerves kopijas failu.",module,Magento_Backup
"We can't connect to the FTP right now.","Pašlaik nevar pieslēgties FTP.",module,Magento_Backup
"Failed to validate FTP.","Neizdevās validēt FTP.",module,Magento_Backup
"You need more permissions to perform a rollback.","Nepieciešams vairāk atļaujas lai veiktu atriti.",module,Magento_Backup
"Failed to rollback.","Atrites kļūda.",module,Magento_Backup
Database,"Datu bāze",module,Magento_Backup
"Database and Media","Datu bāze un multimēdija",module,Magento_Backup
"System (excluding Media)","Sistēma (izņemot multimēdiju)",module,Magento_Backup
"You created the system backup.","Rezerves kopija ir izveidota.",module,Magento_Backup
"You created the system backup (excluding media).","Rezerves kopija ir izveidota (izņemot mēdiju failus).",module,Magento_Backup
"You created the database and media backup.","Datubāzes un mādeiju rezerves kopijas fails ir izveidots.",module,Magento_Backup
"You created the database backup.","Datubāzes rezerves kopija ir izveidota.",module,Magento_Backup
"Please correct the order of creation for a new backup.","Izlabojiet jaunas rezerves kopiju izveidošanas kārtību.",module,Magento_Backup
"The backup file does not exist.","Rezerves kopijas fails neeksistē.",module,Magento_Backup
"The backup file path was not specified.","Nav norādīts rezerves kopijas faila ceļš.",module,Magento_Backup
"The backup file ""%1"" does not exist.","Rezerves kopijas fails ""%1"" neeksistē.",module,Magento_Backup
"Sorry, but we cannot read from or write to backup file ""%1"".","Nevar nolasīt vai ierakstīt rezerves kopijas failu ""%1"".",module,Magento_Backup
"The backup file handler was unspecified.","Nav norādīts rezerves kopijas faila manipulators.",module,Magento_Backup
"Something went wrong while writing to the backup file ""%1"".","Kļūda ierakstot rezerves kopijas failu ""%1"".",module,Magento_Backup
"We can't save the Cron expression.","Nevar saglabāt Cron izteiksmi.",module,Magento_Backup
"You will lose any data created since the backup was made, including admin users, customers and orders.","Tiksa zaudēti dati kas bija vēikti pēc pēdējās rezerves kopijas, ieskaitot administratorus, lietotājus un pasūtījumus.",module,Magento_Backup
"Are you sure you want to continue?","Vai vēlaties turpināt?",module,Magento_Backup
"This may take a few moments.","Uzgaidiet brīdi.",module,Magento_Backup
"Be sure your store is in maintenance mode during backup.","Parliecinieties vai veikals ir uzturēšanas režīmā rezerves kopijas veidošanas laikā.",module,Magento_Backup
"Backup Name","Rezerves kopijas nosaukums",module,Magento_Backup
"Please use only letters (a-z or A-Z), numbers (0-9) or spaces in this field.","Lietojiet tikai burtus (a-z vai A-Z), ciparus (0-9) vai atstarpes šajā laukā.",module,Magento_Backup
"Maintenance mode","Uzturēšanas režīms",module,Magento_Backup
"Please put your store into maintenance mode during backup.","Pārslēdziet veikalu uzturēšanas režīmā rezerves kopijas veidošanas laikā.",module,Magento_Backup
Exclude,Izņemot,module,Magento_Backup
"Exclude media folder from backup","Rezerves kopija izņemot mēdiju failu direktoriju",module,Magento_Backup
"Please enter the password to confirm rollback.","Ievadiet paroli lai apstiprinātu atriti.",module,Magento_Backup
"This action cannot be undone.","Šo darbību nevar atcelt.",module,Magento_Backup
"User Password","Lietotāja parole",module,Magento_Backup
"Please put your store into maintenance mode during rollback processing.","Pārslēdziet veikalu uzturēšanas režīmā veicot atrites procesu.",module,Magento_Backup
"Use FTP Connection","Lietot FTP pieslēgumu",module,Magento_Backup
"FTP credentials","FTP piekļuve",module,Magento_Backup
"FTP Host","FTP resursdators",module,Magento_Backup
"FTP Login","FTP lietotājvārds",module,Magento_Backup
"FTP Password","FTP parole",module,Magento_Backup
"Magento root directory","Magento saknes direktorija",module,Magento_Backup
"Create Backup","Izveidot rezerves kopiju",module,Magento_Backup
Country,Valsts,module,Magento_Braintree
"Allowed Credit Card Types","Atļautie kredītkaršu veidi",module,Magento_Braintree
"Add Rule","Pievienot noteikumu",module,Magento_Braintree
"We can't initialize checkout.","Nevar inicializēt pirkšanu.",module,Magento_Braintree
Authorize,Autorizēt,module,Magento_Braintree
"Authorize and Capture","Autorizēt un saņemt",module,Magento_Braintree
"--Please Select--","--Lūdzu izvēlieties--",module,Magento_Braintree
"Please agree to all the terms and conditions before placing the order.","Jums jāpiekrīt noteikumiem pirms veicat pasūtījumu.",module,Magento_Braintree
"Credit Card Type","Kredītkartes veids",module,Magento_Braintree
"Credit Card Number","Kredītkartes numurs",module,Magento_Braintree
"Expiration Date","Derīguma termiņš",module,Magento_Braintree
"Card Verification Number","Kredītkartes pārbaudes kods",module,Magento_Braintree
"Percent Discount","Procentu atlaide",module,Magento_Bundle
"-- Select --","-- Izvēlēties --",module,Magento_Bundle
Dynamic,Dinamisks,module,Magento_Bundle
Fixed,Fiksēta,module,Magento_Bundle
"Create New Option","Izveidot jaunu opciju",module,Magento_Bundle
"Bundle Items","Komplekta produkti",module,Magento_Bundle
"Add Products to Option","Pievienot produktus opcijai",module,Magento_Bundle
Close,Aizvērt,module,Magento_Bundle
"Delete Option","Dzēst opciju",module,Magento_Bundle
"What are you looking for?","Ko Jūs meklējat?",module,Magento_Bundle
Product,Produkts,module,Magento_Bundle
SKU,Artikuls,module,Magento_Bundle
Price,Cena,module,Magento_Bundle
Delete,Dzēst,module,Magento_Bundle
"Use Default Value","Izmantot noklusēto vērtību",module,Magento_Bundle
"There is no defined renderer for ""%1"" option type.","Nav definēts attēlojums ""%1"" opcijas veidam.",module,Magento_Bundle
"Only implemented for bundle product","Implementēts tikai komplekta produktos",module,Magento_Bundle
"Product with specified sku: ""%1"" is not a bundle product","Produkts ar specifisku artikulu: ""%1"" nav komplekta produkts",module,Magento_Bundle
"Bundle product could not contain another composite product","Komplekta produkts nevar saturēt citu salikto produktu",module,Magento_Bundle
"Id field of product link is required","Produkta saitei nepieciešams ID lauks",module,Magento_Bundle
"Can not find product link with id ""%1""","Nevar atrast produkta saiti ar ID ""%1""",module,Magento_Bundle
"Could not save child: ""%1""","Nevar saglabāt zemāku: ""%1""",module,Magento_Bundle
"Product with specified sku: ""%1"" does not contain option: ""%2""","Produkts ar specifisku artikulu: ""%1"" nesatur opciju: ""%2""",module,Magento_Bundle
"Child with specified sku: ""%1"" already assigned to product: ""%2""","Zemāks produkts ar specifisku artikulu: ""%1"" jau ir piešķirts produktam: ""%2""",module,Magento_Bundle
"Product with specified sku: %1 is not a bundle product","Produkts ar specifisku artikulu: %1 nav komplekta produkts",module,Magento_Bundle
"Requested bundle option product doesn't exist","Pieprasītās komplekta opcijas produkts neeksistē",module,Magento_Bundle
"Requested option doesn't exist","Pieprasītā opcija neeksistē",module,Magento_Bundle
"Cannot delete option with id %1","Nevar nodzēst opciju ID %1",module,Magento_Bundle
"Could not save option","Nevar saglabāt opciju",module,Magento_Bundle
"Price Range","Cenu diapazons",module,Magento_Bundle
"As Low as","Samazināt līdz",module,Magento_Bundle
Together,Kopā,module,Magento_Bundle
Separately,Atsevišķi,module,Magento_Bundle
"Please specify product option(s).","Norādiet produkta opciju(as).",module,Magento_Bundle
"The options you selected are not available.","Izvēlētās opcijas nav pieejamas.",module,Magento_Bundle
"The required options you selected are not available.","Jūsu izvēlētās nepieciešamās opcijas nav pieejamas.",module,Magento_Bundle
"Please select all required options.","Izvēlieties visas nepieciešamās opcijas.",module,Magento_Bundle
"We can't add this item to your shopping cart right now.","Pašlaik nevar pievienot grozma šo produktu.",module,Magento_Bundle
Percent,Procenti,module,Magento_Bundle
"Add Selected Products","Pievienot izvēlētos produktus",module,Magento_Bundle
"New Option","Jauna opcija",module,Magento_Bundle
"Option Title","Opcijas nosaukums",module,Magento_Bundle
"Store View Title","Saglabāt skata nosaukumu",module,Magento_Bundle
"Input Type","Ievades veids",module,Magento_Bundle
Required,Obligāts,module,Magento_Bundle
Name,Vārds,module,Magento_Bundle
"Default Quantity","Noklusētais skaits",module,Magento_Bundle
"User Defined","Lietotāja definēts",module,Magento_Bundle
"Price Type","Cenas veids",module,Magento_Bundle
None,Neviens,module,Magento_Bundle
Quantity:,Skaits:,module,Magento_Bundle
"Choose a selection...","Izvēlieties atlasi...",module,Magento_Bundle
"Ship Bundle Items","Nosūtīt komplekta produktus",module,Magento_Bundle
Position,Pozīcija,module,Magento_Bundle
"There are no products in this option.","Nav produktu šai opcijai.",module,Magento_Bundle
Default,Noklusētais,module,Magento_Bundle
Ordered,Pasūtīts,module,Magento_Bundle
Invoiced,"Piestādīts rēķins",module,Magento_Bundle
Shipped,Piegādāts,module,Magento_Bundle
Refunded,Atmaksāts,module,Magento_Bundle
Canceled,Atcelts,module,Magento_Bundle
"As low as","Samazināt līdz",module,Magento_Bundle
"Regular Price","Parastā cena",module,Magento_Bundle
From,No,module,Magento_Bundle
To,Kam,module,Magento_Bundle
"Buy %1 with %2 discount each","Pērc %1 ar %2 atlaidi katram",module,Magento_Bundle
"Go back to product details","Atpakaļ uz produkta detaļām",module,Magento_Bundle
"Customize and Add to Cart","Pielāgot un pievienot grozam",module,Magento_Bundle
"* Required Fields","* obligātie lauki",module,Magento_Bundle
"Your Customization","Jūsu pielāgojumi",module,Magento_Bundle
Availability,Pieejamība,module,Magento_Bundle
"In stock",Noliktavā,module,Magento_Bundle
"Out of stock","Nav pieejams",module,Magento_Bundle
Summary,Kopsavilkums,module,Magento_Bundle
Availability:,Pieejamība:,module,Magento_Bundle
Quantity,Skaits,module,Magento_Bundle
"Customize %1","Pielāgot %1",module,Magento_Bundle
"No options of this product are available.","Šim produktam nav pieejamas opcijas.",module,Magento_Bundle
"Gift Message","Dāvanas ziņa",module,Magento_Bundle
From:,No:,module,Magento_Bundle
To:,Kam:,module,Magento_Bundle
Message:,Ziņa:,module,Magento_Bundle
"Product Name","Produkta nosaukums",module,Magento_Bundle
Subtotal,Starpsumma,module,Magento_Bundle
"Discount Amount","Atlaides apjoms",module,Magento_Bundle
"Row Total","Kopā rindā",module,Magento_Bundle
"Qty Invoiced","Skaits izstādīts rēķinos",module,Magento_Bundle
"Qty Shipped","Skaits piegādāts",module,Magento_Bundle
Always,Vienmēr,module,Magento_Captcha
"After number of attempts to login","Pēc noteikta pieslēgšanās mēģinājumu skaita",module,Magento_Captcha
"Provided form does not exist","Piedāvātā forma nepastāv",module,Magento_Captcha
"Incorrect CAPTCHA","Kļūdains CAPTCHA",module,Magento_Captcha
"Incorrect CAPTCHA.","Kļūdains CAPTCHA.",module,Magento_Captcha
"Please enter the letters from the image","Lūdzu ievadiet burtus no attēla",module,Magento_Captcha
"<strong>Attention</strong>: Captcha is case sensitive.","<strong>Uzmanību</strong>: Captcha ir reģistrjūtīgs.",module,Magento_Captcha
"Reload captcha","Pārlēdēt captcha",module,Magento_Captcha
"Please type the letters below","Ievadiet simbolus",module,Magento_Captcha
"Entity type model '%1' is not found","Produkta veida modelis '%1' nav atrasts",module,Magento_CatalogImportExport
"Entity type model must be an instance of \Magento\CatalogImportExport\Model\Export\Product\Type\AbstractType","Produkta veida modelim jābūt piemēram
\Magento\CatalogImportExport\Model\Export\Product\Type\AbstractType",module,Magento_CatalogImportExport
"There are no product types available for export.","Nav pieejami produktu veidi eksportēšanai.",module,Magento_CatalogImportExport
"Entity type model must be an instance of Magento\CatalogImportExport\Model\Import\Product\Type\AbstractType","Ieraksta veida modelim jābūt kā daļai no Magento\CatalogImportExport\Model\Import\Product\Type\AbstractType",module,Magento_CatalogImportExport
"File directory '%1' is not readable.","Faila direktorija '%1' nav nolasāma.",module,Magento_CatalogImportExport
"File directory '%1' is not writable.","Faila direktorija '%1' nav ierakstāma.",module,Magento_CatalogImportExport
"Value for 'price' sub attribute in 'store' attribute contains incorrect value","Apakšatribūta 'priece' vērtība 'store' atribūtā satur nepareizu vērtību",module,Magento_CatalogImportExport
"Value for 'type' sub attribute in 'custom_options' attribute contains incorrect value, acceptable values are: 'dropdown', 'checkbox'","Apakšatribūta 'type' vērtība 'custom_options' atribūtā satur nepareizu vērtību, pieļaujamās vērtības ir: 'dropdown', 'checkbox'",module,Magento_CatalogImportExport
"Please enter a value for title.","Ievadiet nosaukumu.",module,Magento_CatalogImportExport
"Value for 'price' sub attribute in 'custom_options' attribute contains incorrect value","Apakšatribūta 'price' vērtība 'custom_options' atribūtā satur nepareizu vērtību",module,Magento_CatalogImportExport
"Value for 'maximum characters' sub attribute in 'custom_options' attribute contains incorrect value","Apakšatribūta 'maximum characters' vērtība 'custom_options' atribūtā satur nepareizu vērtību",module,Magento_CatalogImportExport
"Value for 'sort order' sub attribute in 'custom_options' attribute contains incorrect value","Apakšatribūta 'sort order' vērtība 'custom_options' atribūtā satur nepareizu vērtību",module,Magento_CatalogImportExport
"Value for 'value price' sub attribute in 'custom_options' attribute contains incorrect value","Apakšatribūta 'value price' vērtība 'custom_options' atribūtā satur nepareizu vērtību",module,Magento_CatalogImportExport
"This name is already being used for custom option. Please enter a different name.","Šis nosaukums jau tiek lietots papildus opcijām. Izmantojiet citu nosaukumu.",module,Magento_CatalogImportExport
"Custom options have different types.","Pielāgotām opcijām ir dažādi veidi.",module,Magento_CatalogImportExport
"Every option entity must have a parent product entity.","Katram opcijas ierakstam jābūt vecākam produkta ierakstam.",module,Magento_CatalogImportExport
"Please correct the parameters.","Lūdzu izlabojiet parametrus.",module,Magento_CatalogImportExport
"File '%1' was not found or has read restriction.","Fails '%1' nav atrasts vai ir liegta tā lasīšana.",module,Magento_CatalogImportExport
"ALL GROUPS","VISAS GRUPAS",module,Magento_CatalogInventory
"Customer Group","Klientu Grupa",module,Magento_CatalogInventory
"Minimum Qty","Minimālais skaits",module,Magento_CatalogInventory
"Add Minimum Qty","Noteikt minimālo daudzumu",module,Magento_CatalogInventory
"We can't rebuild the index for an undefined product.","Nevar pārbūvēt indeksus nedefinētam produktam.",module,Magento_CatalogInventory
"In Stock",Noliktavā,module,Magento_CatalogInventory
"Out of Stock","Nav pieejams",module,Magento_CatalogInventory
"We don't have as many ""%1"" as you requested, but we'll back order the remaining %2.","Mums nav ""%1"" pieprasītajā daudzumā, līdz ar to mēs veiksim atlikušā daudzuma pasūtīšanu %2.",module,Magento_CatalogInventory
"We don't have ""%1"" in the requested quantity, so we'll back order the remaining %2.","Mums nav ""%1"" pieprasītajā daudzumā, līdz ar to mēs veiksim atlikušā daudzuma pasūtīšanu %2.",module,Magento_CatalogInventory
Quantity,Skaits,module,Magento_CatalogInventory
"Product Name","Produkta nosaukums",module,Magento_CatalogInventory
Qty,Skaits,module,Magento_CatalogInventory
Home,Sākums,module,Magento_CatalogSearch
"Go to Home Page","Iet uz sākumlapu",module,Magento_CatalogSearch
"Catalog Advanced Search","Kataloga paplašinātā meklēšana",module,Magento_CatalogSearch
All,Visi,module,Magento_CatalogSearch
Yes,Jā,module,Magento_CatalogSearch
No,Nē,module,Magento_CatalogSearch
Results,Rezultāti,module,Magento_CatalogSearch
Grid,Režģis,module,Magento_CatalogSearch
List,Saraksts,module,Magento_CatalogSearch
Relevance,Atbilstība,module,Magento_CatalogSearch
"Please specify at least one search term.","Norādiet vismaz vienu meklējamo vārdu.",module,Magento_CatalogSearch
Product,Produkts,module,Magento_CatalogSearch
"Search Settings","Meklēšanas iestatījumi",module,Magento_CatalogSearch
Search,Meklēt,module,Magento_CatalogSearch
"Advanced Search","Paplašināta meklēšana",module,Magento_CatalogSearch
"We can't find any items matching these search criteria.","Mēs nevaram atrast jebkuru šo meklēšanas kritērijiem atbilstošo vienumu.",module,Magento_CatalogSearch
"Don't see what you're looking for?","Nevarat atrast meklēto?",module,Magento_CatalogSearch
"Conditions Combination","Noteikumu kombinācija",module,Magento_CatalogWidget
"Product Attribute","Produkta atribūts",module,Magento_CatalogWidget
SKU,Artikuls,module,Magento_CatalogWidget
"Please choose a condition to add.","Izvēlieties noteikumu lai pievienotu.",module,Magento_CatalogWidget
"Add to Cart","Pievienot grozam",module,Magento_CatalogWidget
"In stock",Noliktavā,module,Magento_CatalogWidget
"Out of stock","Nav pieejams",module,Magento_CatalogWidget
"Add to Wish List","Pievienot vēlmju sarakstam",module,Magento_CatalogWidget
"Add to Compare","Pievienot salīdzināšanai",module,Magento_CatalogWidget
"Terms and Conditions","Noteikumi un Nosacījumi",module,Magento_CheckoutAgreements
"Add New Condition","Pievienot Jaunu Nosacījumu",module,Magento_CheckoutAgreements
Status,Statuss,module,Magento_CheckoutAgreements
Enabled,Ieslēgts,module,Magento_CheckoutAgreements
Disabled,Izslēgts,module,Magento_CheckoutAgreements
"Store View","Veikala skats",module,Magento_CheckoutAgreements
Content,Saturs,module,Magento_CheckoutAgreements
Condition,Nosacījums,module,Magento_CheckoutAgreements
Sales,Pārdošana,module,Magento_CheckoutAgreements
"Static Blocks","Statiskie bloki",module,Magento_Cms
"Add New Block","Pievienot jaunu bloku",module,Magento_Cms
Back,Atpakaļ,module,Magento_Cms
"Delete Block","Dzēst bloku",module,Magento_Cms
"Are you sure you want to do this?","Vai tiešām vēlaties to darīt?",module,Magento_Cms
Reset,Notīrīt,module,Magento_Cms
"Save and Continue Edit","Saglabāt un turpināt labot",module,Magento_Cms
"Save Block","Saglabāt bloku",module,Magento_Cms
Title,Nosaukums,module,Magento_Cms
Identifier,Identifikators,module,Magento_Cms
Status,Statuss,module,Magento_Cms
Disabled,Izslēgts,module,Magento_Cms
Enabled,Ieslēgts,module,Magento_Cms
"Manage Pages","Pārvaldīt lapas",module,Magento_Cms
"Add New Page","Pievienot jaunu lapu",module,Magento_Cms
"Delete Page","Dzēst lapu",module,Magento_Cms
"Save Page","Saglabāt lapu",module,Magento_Cms
"URL Key","URL atslēga",module,Magento_Cms
Layout,Izkārtojums,module,Magento_Cms
"Store View","Veikala skats",module,Magento_Cms
Action,Darbība,module,Magento_Cms
Preview,Priekšskatītījums,module,Magento_Cms
"Media Storage","Mediju uzglabāšana",module,Magento_Cms
"Create Folder...","Izveidot direktoriju...",module,Magento_Cms
"Delete Folder","Dzēst direktoriju",module,Magento_Cms
"Delete File","Dzēst failu",module,Magento_Cms
"Insert File","Ievietot failu",module,Magento_Cms
"New Folder Name:","Jauns direktorijas nosaukums:",module,Magento_Cms
"Storage Root","Glabāšanas pamatdirektorija",module,Magento_Cms
Home,Sākums,module,Magento_Cms
"Go to Home Page","Iet uz sākumlapu",module,Magento_Cms
"We can't find a block to delete.","Nevar atrast bloku lai to izdzēstu.",module,Magento_Cms
"This block no longer exists.","Šis bloks vairs neeksistē.",module,Magento_Cms
"Edit Block","Labot bloku",module,Magento_Cms
"New Block","Jauns bloks",module,Magento_Cms
"Please correct the data sent.","Izlabojiet nosūtītos datus.",module,Magento_Cms
"The page has been deleted.","Lapa tika nodzēsta.",module,Magento_Cms
"We can't find a page to delete.","Nevar atrast lapu lai to izdzēstu.",module,Magento_Cms
"This page no longer exists.","Šī lapa vairs neeksistē.",module,Magento_Cms
"Edit Page","Labot lapu",module,Magento_Cms
"New Page","Jauna lapa",module,Magento_Cms
Pages,Lapas,module,Magento_Cms
"Page Title","Lapas nosaukums",module,Magento_Cms
"Enabled by Default","Ieslēgts pēc noklusējuma",module,Magento_Cms
"Disabled by Default","Izslēgts pēc noklusējuma",module,Magento_Cms
"Disabled Completely","Pilnībā izslēgts",module,Magento_Cms
"A block identifier with the same properties already exists in the selected store.","Bloka identifikators ar tādām pašām opcijām šajā veikalā jau eksistē.",module,Magento_Cms
"The page URL key contains capital letters or disallowed symbols.","Lapas URL atslēga satur lielos burtus vai neatļautus simbolus.",module,Magento_Cms
"We can't upload the file right now.","Mēs pašlaik nevaram augšuplādēt šo failu.",module,Magento_Cms
"We can't delete root directory %1 right now.","Mēs nevaram izdzēst galveno katalogu %1 pašlaik.",module,Magento_Cms
Edit,Labot,module,Magento_Cms
Delete,Dzēst,module,Magento_Cms
"Are you sure you wan't to delete a ${ $.$data.title } record?","Vai esat pārliecināts/-a, ka jūs vēlaties ${ $.$data.title } ieraksta dzēšanu?",module,Magento_Cms
View,Skatīt,module,Magento_Cms
"No files found","Faili nav atrasti",module,Magento_Cms
"Collapse All","Atvērt visu",module,Magento_Cms
"Expand All","Izvērst visu",module,Magento_Cms
"Default Config","Noklusējuma Konfigurācija",module,Magento_Config
"Save Config","Saglabāt Konfigurāciju",module,Magento_Config
Add,Pievienot,module,Magento_Config
"Delete File","Dzēst failu",module,Magento_Config
Enable,Ieslēgt,module,Magento_Config
Disable,Izslēgt,module,Magento_Config
System,Sistēma,module,Magento_Config
"Sorry, we haven't installed the base currency you selected.","Atvainojiet, bet mēs neieinstalējām Jūsu izvēlēto bāzes valūtu.",module,Magento_Config
"We can't save the Cron expression.","Nevar saglabāt Cron izteiksmi.",module,Magento_Config
"Sorry, we haven't installed the default display currency you selected.","Atvainojiet, bet mēs neieinstalējām Jūsu izvēlēto noklusēto attēlojamo valūtu.",module,Magento_Config
"The file you're uploading exceeds the server size limit of %1 kilobytes.","Augšupielādējat failu pārsniedz servera izmēra ierobežojumu %1 kilobaiti.",module,Magento_Config
No,Nē,module,Magento_Config
Website,"Mājas lapa",module,Magento_Config
Store,Veikals,module,Magento_Config
"Store View","Veikala skats",module,Magento_Config
Yes,Jā,module,Magento_Config
Specified,Norādītais,module,Magento_Config
"Add after","Pievienot pēc",module,Magento_Config
Delete,Dzēst,module,Magento_Config
Stores,Veikali,module,Magento_Config
Summary,Kopsavilkums,module,Magento_ConfigurableProduct
"Choose an Option...","Izvēlieties opciju...",module,Magento_ConfigurableProduct
"Requested option doesn't exist","Pieprasītā opcija neeksistē",module,Magento_ConfigurableProduct
"You need to choose options for your item.","Jums jāizvēlās opcijas produktam.",module,Magento_ConfigurableProduct
Done,Gatavs,module,Magento_ConfigurableProduct
Name,Vārds,module,Magento_ConfigurableProduct
SKU,Artikuls,module,Magento_ConfigurableProduct
Price,Cena,module,Magento_ConfigurableProduct
Quantity,Skaits,module,Magento_ConfigurableProduct
Status,Statuss,module,Magento_ConfigurableProduct
Actions,Darbības,module,Magento_ConfigurableProduct
Options,Opcijas,module,Magento_ConfigurableProduct
"Select All","Izvēlēties visu",module,Magento_ConfigurableProduct
Images,Attēli,module,Magento_ConfigurableProduct
Cancel,Atcelt,module,Magento_ConfigurableProduct
Daily,"Katru dienu",module,Magento_Cron
Weekly,"Katru nedēļu",module,Magento_Cron
Monthly,"Katru mēnesi",module,Magento_Cron
"Save Currency Rates","Saglabāt Valūtas Kursus",module,Magento_CurrencySymbol
Reset,Notīrīt,module,Magento_CurrencySymbol
Import,Importēt,module,Magento_CurrencySymbol
"Manage Currency Rates","Pārvaldīt valūtas kursus",module,Magento_CurrencySymbol
"Save Currency Symbols","Saglabāt valūtas simbolus",module,Magento_CurrencySymbol
"Use Standard","Izmantot standarta",module,Magento_CurrencySymbol
"We can't initialize the import model.","Nevar inicializēt importēšanas modeli.",module,Magento_CurrencySymbol
System,Sistēma,module,Magento_CurrencySymbol
"Old rate:","Iepriekšējais kurss:",module,Magento_CurrencySymbol
"Please specify a website.","Lūdzu, norādiet tīmekļa vietni.",module,Magento_CustomerImportExport
"Please specify an email.","Lūdzu, Norādiet E-pastu.",module,Magento_CustomerImportExport
"Sign Out",Izrakstīties,module,Magento_Customer
"Sign In",Pieteikties,module,Magento_Customer
"Address Book","Adresu grāmata",module,Magento_Customer
"Create Order","Izveidot pasūtījumu",module,Magento_Customer
"Save and Continue Edit","Saglabāt un turpināt labot",module,Magento_Customer
Back,Atpakaļ,module,Magento_Customer
"Please select",Izvēlieties,module,Magento_Customer
Reset,Notīrīt,module,Magento_Customer
Product,Produkts,module,Magento_Customer
SKU,Artikuls,module,Magento_Customer
Quantity,Skaits,module,Magento_Customer
Price,Cena,module,Magento_Customer
Total,Kopā,module,Magento_Customer
Action,Darbība,module,Magento_Customer
Configure,Konfigurēt,module,Magento_Customer
Delete,Dzēst,module,Magento_Customer
Newsletter,Jaunumi,module,Magento_Customer
Subject,Tēma,module,Magento_Customer
Status,Statuss,module,Magento_Customer
Sent,Nosūtīts,module,Magento_Customer
Cancel,Atcelt,module,Magento_Customer
"Not Sent","Nav nosūtīts",module,Magento_Customer
Sending,Sūta,module,Magento_Customer
Paused,Apturēts,module,Magento_Customer
View,Skatīt,module,Magento_Customer
Qty,Skaits,module,Magento_Customer
Never,Nekad,module,Magento_Customer
No,Nē,module,Magento_Customer
Yes,Jā,module,Magento_Customer
"Delete File","Dzēst failu",module,Magento_Customer
Download,Lejupielādēt,module,Magento_Customer
"Customer Groups","Klientu grupas",module,Magento_Customer
"Account Information","Konta informācija",module,Magento_Customer
Customers,Klienti,module,Magento_Customer
"Please correct the data sent.","Izlabojiet nosūtītos datus.",module,Magento_Customer
"Shipping Address","Piegādes adreses",module,Magento_Customer
"-- Please Select --","-- Lūdzu, izvēlieties --",module,Magento_Customer
Edit,Labot,module,Magento_Customer
Customer,Klients,module,Magento_Customer
"No item specified.","Nav norādīts produkts.",module,Magento_Customer
"Are you sure you want to remove this item?","Vai tiešām vēlaties nodzēst šo produktu?",module,Magento_Customer
"Web Site","Mājas lapa",module,Magento_Customer
Store,Veikals,module,Magento_Customer
"Store View","Veikala skats",module,Magento_Customer
"Default Shipping Address","Piegādes adrese pēc noklusējuma",module,Magento_Customer
"Contact Information",Kontaktinformācija,module,Magento_Customer
"* Required Fields","* obligātie lauki",module,Magento_Customer
"Street Address",Adrese,module,Magento_Customer
City,Pilsēta,module,Magento_Customer
State/Province,Štats/Province,module,Magento_Customer
Country,Valsts,module,Magento_Customer
Email,E-pasts,module,Magento_Customer
"New Password","Jauna parole",module,Magento_Customer
Save,Saglabāt,module,Magento_Customer
"Create an Account",Reģistrēties,module,Magento_Customer
Name,Vārds,module,Magento_Customer
"Cannot switch into given mode ""%1""","Nevar pārslēgties nepiciešamajā režīmā ""%1""",module,Magento_Deploy
"Wrong Content Type","Nepareizs Satura Tips",module,Magento_Dhl
Height,Augstums,module,Magento_Dhl
Width,Platums,module,Magento_Dhl
None,Neviens,module,Magento_Dhl
State/Province,Štats/Province,module,Magento_Directory
"--Please Select--","--Lūdzu izvēlieties--",module,Magento_Directory
lbs,mārciņas,module,Magento_Directory
kgs,kilogrami,module,Magento_Directory
"Requested country is not available.","Pieprasītā valsts nav pieejama.",module,Magento_Directory
"Undefined rate from ""%1-%2"".","Nedefinēta likme no ""%1-%2"".",module,Magento_Directory
"Please correct the target currency.","Izlabojiet mērķa valūtu.",module,Magento_Directory
label,nosaukums,module,Magento_Directory
"We can't retrieve a rate from %1.","Nevar iegūt likmi no %1.",module,Magento_Directory
"FATAL ERROR:","FATĀLA KĻŪDA:",module,Magento_Directory
"We can't initialize the import model.","Nevar inicializēt importēšanas modeli.",module,Magento_Directory
"Please specify the correct Import Service.","Izvēlieties pareizu Importēšanas servisu.",module,Magento_Directory
WARNING:,BRĪDINĀJUMS:,module,Magento_Directory
"Please correct the country code: %1.","Izlabojiet valsts kodu: %1.",module,Magento_Directory
"Country and Format Type combination should be unique","Valstij un formāta veida kombinācijai jābūt unikālai",module,Magento_Directory
"Please correct the rates received","Izlobojiet saņemtās likmes",module,Magento_Directory
"Please select a region, state or province.","Izvēlieties reģionu, štatu vai novadu.",module,Magento_Directory
Currency,Valūta,module,Magento_Directory
"Your current currency is: %1.","Jūsu patreizējā valūta: %1.",module,Magento_Directory
Continue,Turpināt,module,Magento_Directory
"File directory '%1' is not readable.","Faila direktorija '%1' nav nolasāma.",module,Magento_DownloadableImportExport
"File directory '%1' is not writable.","Faila direktorija '%1' nav ierakstāma.",module,Magento_DownloadableImportExport
Error,Kļūda,module,Magento_DownloadableImportExport
"Downloadable Information","Lejupielādējama Informācija",module,Magento_Downloadable
"Add New Link","Pievienot Jaunu Saiti",module,Magento_Downloadable
Yes,Jā,module,Magento_Downloadable
No,Nē,module,Magento_Downloadable
"Use config","Lietot konfigurāciju",module,Magento_Downloadable
Pending,Gaida,module,Magento_Downloadable
Invoiced,"Piestādīts rēķins",module,Magento_Downloadable
Title,Nosaukums,module,Magento_Downloadable
Price,Cena,module,Magento_Downloadable
File,Fails,module,Magento_Downloadable
"Use Default Value","Izmantot noklusēto vērtību",module,Magento_Downloadable
"Sort Order","Kārtošanas secība",module,Magento_Downloadable
Delete,Dzēst,module,Magento_Downloadable
SKU,Artikuls,module,Magento_Downloadable
Availability,Pieejamība,module,Magento_Downloadable
"In stock",Noliktavā,module,Magento_Downloadable
"Out of stock","Nav pieejams",module,Magento_Downloadable
Date,Datums,module,Magento_Downloadable
Status,Statuss,module,Magento_Downloadable
Back,Atpakaļ,module,Magento_Downloadable
"Gift Message","Dāvanas ziņa",module,Magento_Downloadable
From:,No:,module,Magento_Downloadable
To:,Kam:,module,Magento_Downloadable
Message:,Ziņa:,module,Magento_Downloadable
"Product Name","Produkta nosaukums",module,Magento_Downloadable
Qty,Skaits,module,Magento_Downloadable
Subtotal,Starpsumma,module,Magento_Downloadable
Ordered,Pasūtīts,module,Magento_Downloadable
"Attribute Properties","Atribūta Īpašības",module,Magento_Eav
"This is used internally. Make sure you don't use spaces or more than %1 symbols.","Tiek lietots iekšpusē. Pārliecinaties ka nelietojat atstarpes vai vairāk kā %1 simbolus.",module,Magento_Eav
"Default Value","Noklusētā vērtība",module,Magento_Eav
Yes,Jā,module,Magento_Eav
No,Nē,module,Magento_Eav
System,Sistēma,module,Magento_Eav
None,Neviens,module,Magento_Eav
Email,E-pasts,module,Magento_Eav
Date,Datums,module,Magento_Eav
"Multiple Select","Izvēlēties vairākus",module,Magento_Eav
"Add New Template","Pievienot jaunu šablonu",module,Magento_Email
Back,Atpakaļ,module,Magento_Email
Reset,Notīrīt,module,Magento_Email
"Delete Template","Dzēst šablonu",module,Magento_Email
"Convert to Plain Text","Konvertēt par tekstu",module,Magento_Email
"Preview Template","Šablona priekšskatījums",module,Magento_Email
"Save Template","Saglabāt šablonu",module,Magento_Email
"Template Information","Šablona informācija",module,Magento_Email
"Template Name","Šablona nosaukums",module,Magento_Email
"Template Subject","Šablona tēma",module,Magento_Email
"Template Content","Šablona saturs",module,Magento_Email
"Template Styles","Šablona stili",module,Magento_Email
Preview,Priekšskatītījums,module,Magento_Email
"Edit Template","Labot šablonu",module,Magento_Email
"New Template","Jauns šablons",module,Magento_Email
"Email Templates","E-pasta šabloni",module,Magento_Email
Country,Valsts,module,Magento_Email
Region/State,Reģions/štats,module,Magento_Email
City,Pilsēta,module,Magento_Email
Title,Nosaukums,module,Magento_Email
Template,Šablons,module,Magento_Email
"Product View Optimization","Produkta skata optimizācija",module,Magento_GoogleOptimizer
"Page View Optimization","Lapas skata optimizācija",module,Magento_GoogleOptimizer
"Google Analytics Content Experiments Code","Google Analytics satura eksperimentu kods",module,Magento_GoogleOptimizer
"Experiment Code","Eksperimentāls kods",module,Magento_GoogleOptimizer
"Experiment code should be added to the original page only.","Eksperimentu kods ir jāpievieno tikai oriģinālajai lapai.",module,Magento_GoogleOptimizer
Export,Eksportēt,module,Magento_ImportExport
"Export Settings","Eksportēt Iestatījumus",module,Magento_ImportExport
From,No,module,Magento_ImportExport
To,Kam,module,Magento_ImportExport
Filter,Filtrēt,module,Magento_ImportExport
Download,Lejupielādēt,module,Magento_ImportExport
Import,Importēt,module,Magento_ImportExport
Status,Statuss,module,Magento_ImportExport
"-- Please Select --","-- Lūdzu, izvēlieties --",module,Magento_ImportExport
Delete,Dzēst,module,Magento_ImportExport
Continue,Turpināt,module,Magento_ImportExport
"Indexer Management","Indeksu Pārvaldība",module,Magento_Indexer
"Update on Save","Atjaunot saglabājot",module,Magento_Indexer
Ready,Gatavs,module,Magento_Indexer
Processing,Darbojas,module,Magento_Indexer
Never,Nekad,module,Magento_Indexer
"Index Management","Indeksu pārvaldība",module,Magento_Indexer
Integrations,Integrācijas,module,Magento_Integration
"Add New Integration","Pievienot Jaunu Integrāciju",module,Magento_Integration
Save,Saglabāt,module,Magento_Integration
General,Vispārīgi,module,Magento_Integration
Name,Vārds,module,Magento_Integration
Email,E-pasts,module,Magento_Integration
Remove,Dzēst,module,Magento_Integration
View,Skatīt,module,Magento_Integration
Edit,Labot,module,Magento_Integration
Reset,Notīrīt,module,Magento_Integration
Custom,Pielāgots,module,Magento_Integration
All,Visi,module,Magento_Integration
"To see product price, add this item to your cart. You can always remove it later.","Lai apskatītu produkta cenu, pievienojiet to pirkumu grozam.",module,Magento_Msrp
"See price before order confirmation.","Apskatīt cenu pirms pasūtījuma apstiprināšanas.",module,Magento_Msrp
"Use config","Lietot konfigurāciju",module,Magento_Msrp
"Click for price","Noklikšķiniet, lai saņemtu cenu",module,Magento_Msrp
"What's this?","Kas tas ir?",module,Magento_Msrp
Price,Cena,module,Magento_Msrp
"Add to Cart","Pievienot grozam",module,Magento_Msrp
Month,Mēnesis,module,Magento_Payment
Year,Gads,module,Magento_Payment
"Credit Card Type","Kredītkartes veids",module,Magento_Payment
"Credit Card Number","Kredītkartes numurs",module,Magento_Payment
Discount,Atlaide,module,Magento_Payment
Shipping,Piegāde,module,Magento_Payment
Yes,Jā,module,Magento_Payment
No,Nē,module,Magento_Payment
"Expiration Date","Derīguma termiņš",module,Magento_Payment
"Card Verification Number","Kredītkartes pārbaudes kods",module,Magento_Payment
"--Please Select--","--Lūdzu izvēlieties--",module,Magento_Payment
"Card Verification Number Visual Reference","Kredītkartes parbaudes koda vizuālā atsauce",module,Magento_Payment
"What is this?","Kas tas ir?",module,Magento_Payment
"Credit Card Information","Kredītkartes informācija",module,Magento_Payment
Email,E-pasts,module,Magento_Paypal
"First Name",Vārds,module,Magento_Paypal
"Last Name",Uzvārds,module,Magento_Paypal
Status,Statuss,module,Magento_Paypal
Back,Atpakaļ,module,Magento_Paypal
"Are you sure you want to do this?","Vai tiešām vēlaties to darīt?",module,Magento_Paypal
Cancel,Atcelt,module,Magento_Paypal
"General Information","Vispārīga informācija",module,Magento_Paypal
Configure,Konfigurēt,module,Magento_Paypal
Close,Aizvērt,module,Magento_Paypal
"Incl. Tax","Ar PVN",module,Magento_Paypal
Reports,Atskaites,module,Magento_Paypal
Sales,Pārdošana,module,Magento_Paypal
"We can't place the order.","Nevar izveidot pasūtījumu.",module,Magento_Paypal
"We can't update shipping method.","Nevar atjaunot piegādes veidu.",module,Magento_Paypal
Dynamic,Dinamisks,module,Magento_Paypal
Yes,Jā,module,Magento_Paypal
No,Nē,module,Magento_Paypal
Never,Nekad,module,Magento_Paypal
Custom,Pielāgots,module,Magento_Paypal
"--Please Select--","--Lūdzu izvēlieties--",module,Magento_Paypal
Daily,"Katru dienu",module,Magento_Paypal
Customer,Klients,module,Magento_Paypal
"Created At",Izveidots,module,Magento_Paypal
"Updated At",Atjaunots,module,Magento_Paypal
Status:,Statuss:,module,Magento_Paypal
Date,Datums,module,Magento_Paypal
"Order Status","Pasūtījuma statuss",module,Magento_Paypal
View,Skatīt,module,Magento_Paypal
"-- Please Select --","-- Lūdzu, izvēlieties --",module,Magento_Paypal
Edit,Labot,module,Magento_Paypal
"Place Order","Veikt pasūtījumu",module,Magento_Paypal
Item,Produkts,module,Magento_Paypal
Price,Cena,module,Magento_Paypal
Qty,Skaits,module,Magento_Paypal
Subtotal,Starpsumma,module,Magento_Paypal
Continue,Turpināt,module,Magento_Paypal
"Save Review","Saglabāt atsauksmi",module,Magento_Review
"New Review","Jauna atsauksme",module,Magento_Review
"Review Details","Atsauksmes detaļas",module,Magento_Review
Product,Produkts,module,Magento_Review
"Product Rating","Produkta vērtējums",module,Magento_Review
Status,Statuss,module,Magento_Review
Nickname,Segvārds,module,Magento_Review
"Summary of Review","Atsauksmes kopsavilkums",module,Magento_Review
Review,Pārskats,module,Magento_Review
Previous,Iepriekšējais,module,Magento_Review
"Delete Review","Dzēst atsauksmi",module,Magento_Review
"Are you sure you want to do this?","Vai tiešām vēlaties to darīt?",module,Magento_Review
Administrator,Administrators,module,Magento_Review
Guest,Viesis,module,Magento_Review
"Summary Rating","Vērtējuma kopsavilkums",module,Magento_Review
"Detailed Rating","Detalizēts vērtējums",module,Magento_Review
Title,Nosaukums,module,Magento_Review
Type,Veids,module,Magento_Review
SKU,Artikuls,module,Magento_Review
Action,Darbība,module,Magento_Review
Edit,Labot,module,Magento_Review
Delete,Dzēst,module,Magento_Review
"Are you sure?","Vai esat pārliecināts?",module,Magento_Review
"Update Status","Atjaunot statusu",module,Magento_Review
Customer,Klients,module,Magento_Review
"Pending Reviews","Atsauksmes kuras gaida apstiprināšanu",module,Magento_Review
"All Reviews","Visas atsauksmes",module,Magento_Review
Name,Vārds,module,Magento_Review
Price,Cena,module,Magento_Review
Quantity,Skaits,module,Magento_Review
Websites,"Mājas lapas",module,Magento_Review
"Manage Ratings","Pārvaldīt vērtējumus",module,Magento_Review
"Add New Rating","Pievienot jaunu vērtējumu",module,Magento_Review
"Save Rating","Saglabāt vērtējumu",module,Magento_Review
"Delete Rating","Nodzēst vērtējumu",module,Magento_Review
"New Rating","Jauns vērtējums",module,Magento_Review
"Rating Title","Vērtējuma nosaukums",module,Magento_Review
"Default Value","Noklusētā vērtība",module,Magento_Review
"Rating Visibility","Vērtējuma redzamība",module,Magento_Review
"Sort Order","Kārtošanas secība",module,Magento_Review
"Rating Information","Vērtējuma informācija",module,Magento_Review
"Product Reviews","Produktu atsauksmes",module,Magento_Review
"Pending product review(s)","Neapstiprināta produkta atsauksme(s)",module,Magento_Review
Reviews,Pārskati,module,Magento_Review
"Customer Reviews","Klientu atsauksmes",module,Magento_Review
"My Product Reviews","Mani produktu vērtējumi",module,Magento_Review
Approved,Apstiprināts,module,Magento_Review
Pending,Gaida,module,Magento_Review
"Not Approved","Nav apstiprināts",module,Magento_Review
"Rating isn't Available","Vērtējums nav pieejams",module,Magento_Review
"Assigned Options","Pieškirtās opcijas",module,Magento_Review
"Option Title:","Opcijas nosaukums:",module,Magento_Review
"Product Name","Produkta nosaukums",module,Magento_Review
Actions,Darbības,module,Magento_Review
"You have submitted no reviews.","Jūs neesat pievienojis atsauksmes.",module,Magento_Review
Back,Atpakaļ,module,Magento_Review
"My Recent Reviews","Mani nesenie vērtējumi",module,Magento_Review
"Average Customer Rating:","Vidējais klientu vērtējums:",module,Magento_Review
"Back to My Reviews","Atpakaļ pie manām atsauksmēm",module,Magento_Review
"Be the first to review this product","Uzrakstie pirmais atsauksmi par šo produktu",module,Magento_Review
"Write Your Own Review","Uzrakstīt atsauksmi",module,Magento_Review
"* Required Fields","* obligātie lauki",module,Magento_Review
"You're reviewing:","Jūsu atsauksmes:",module,Magento_Review
Summary,Kopsavilkums,module,Magento_Review
"Submit Review","Nosūtīt atsauksmi",module,Magento_Review
"Add Your Review","Pievienot Jūsu atsauksmi",module,Magento_Review
"Back to Main Product Info","Atpakaļ uz Produkta galveno informāciju",module,Magento_Review
"Average Customer Rating","Vidējais klientu vērtējums",module,Magento_Review
"Product Rating:","Produkta vērtējums:",module,Magento_Review
"Back to Product Reviews","Atpakaļ pie produkta atsauksmēm",module,Magento_Review
"Account Activity","Konta aktivitāte",module,Magento_Security
"All other open sessions for this account were terminated.","Visas šī konta atvērtās sesijas tika pārtrauktas.",module,Magento_Security
"We couldn't logout because of an error.","Dēļ kļūdas nevarēja atslēgties.",module,Magento_Security
"Someone logged into this account from another device or browser. Your current session is terminated.","Kāds ir pieslēdzies šim kontam no citas ierīcas vai pārlūka. Jūsu sesija tika pārtraukta.",module,Magento_Security
"Your current session is terminated by another user of this account.","Jūsu sesiju pārtrauca cits šī konta lietotājs.",module,Magento_Security
"Your account is temporarily disabled.","Jūsu konts uz laiku ir slēgts.",module,Magento_Security
"Your current session has been expired.","Jūsu tekošā sesija ir beigusies.",module,Magento_Security
"By IP and Email","Pēc IP un e-pasta",module,Magento_Security
"By IP","Pēc IP",module,Magento_Security
"By Email","Pēc e-pasta",module,Magento_Security
None,Neviens,module,Magento_Security
"Too many password reset requests. Please wait and try again or contact %1.","Pārāk daudz paroles atjaunošanas pieprasījumu. Uzgaidiet un mēģiniet vēlreiz vai sazinaties ar %1.",module,Magento_Security
"Incorrect Security Checker class. It has to implement SecurityCheckerInterface","Nepareiza Drošības pārbaudes klase. Tai ir jāiekļauj SecurityCheckerInterface",module,Magento_Security
"some error","nenoteikta kļūda",module,Magento_Security
"This administrator account is open in more than one location. Note that other locations might be different browsers or sessions on the same computer.","Šis administratora konts ir atvērts vairāk kā vienā vietā. Citas vietas var būt cits pārlūks vai sesija uz tā paša datora.",module,Magento_Security
"Concurrent session information:","Vienlaicīgu sesiju informācija:",module,Magento_Security
"IP Address","IP adrese",module,Magento_Security
"Time of session start","Sesijas sākuma laiks",module,Magento_Security
"Are you sure that you want to log out all other sessions?","Vai vēlaties atslēgt visas pārējās sesijas?",module,Magento_Security
"Log out all other sessions","Atslēgt pārējās sesijas",module,Magento_Security
"This computer is using IP address %1.","Šī datora IP adrese %1.",module,Magento_Security
"Save & Generate","Saglabāt & Ģenerēt",module,Magento_Sitemap
"Edit Sitemap","Labot lapas karti",module,Magento_Sitemap
"New Sitemap","Jaunas lapas karte",module,Magento_Sitemap
Sitemap,"Lapas karte",module,Magento_Sitemap
Filename,"Faila nosaukums",module,Magento_Sitemap
Path,Ceļš,module,Magento_Sitemap
"Store View","Veikala skats",module,Magento_Sitemap
Generate,Ģenerēt,module,Magento_Sitemap
"Add Sitemap","Pievienot lapas karti",module,Magento_Sitemap
Catalog,Katalogs,module,Magento_Sitemap
"This sitemap no longer exists.","Lapas karte vairs neeksistē.",module,Magento_Sitemap
"The priority must be between 0 and 1.","Prioritātei jābūt starp 0 un 1.",module,Magento_Sitemap
Always,Vienmēr,module,Magento_Sitemap
Hourly,"Katru stundu",module,Magento_Sitemap
Daily,"Katru dienu",module,Magento_Sitemap
Weekly,"Katru nedēļu",module,Magento_Sitemap
Monthly,"Katru mēnesi",module,Magento_Sitemap
Yearly,"Katru gadu",module,Magento_Sitemap
Never,Nekad,module,Magento_Sitemap
None,Neviens,module,Magento_Sitemap
All,Visi,module,Magento_Sitemap
"-- Please Select --","-- Lūdzu, izvēlieties --",module,Magento_Store
"Tax Rate Information","Nodokļa Likmes Informācija",module,Magento_Tax
Country,Valsts,module,Magento_Tax
Back,Atpakaļ,module,Magento_Tax
Reset,Notīrīt,module,Magento_Tax
"Are you sure you want to do this?","Vai tiešām vēlaties to darīt?",module,Magento_Tax
"Save and Continue Edit","Saglabāt un turpināt labot",module,Magento_Tax
Name,Vārds,module,Magento_Tax
Priority,Prioritāte,module,Magento_Tax
"Sort Order","Kārtošanas secība",module,Magento_Tax
Sales,Pārdošana,module,Magento_Tax
Tax,Nodokļi,module,Magento_Tax
"Shipping Address","Piegādes adrese",module,Magento_Tax
Code,Kods,module,Magento_Tax
Subtotal,Starpsumma,module,Magento_Tax
Total,Kopā,module,Magento_Tax
None,Neviens,module,Magento_Tax
"Incl. Tax","Ar PVN",module,Magento_Tax
"Excl. Tax","Bez PVN",module,Magento_Tax
Save,Saglabāt,module,Magento_Tax
"Condition type ""%1"" is not allowed","Nosacījuma tips ""%1"" nav atļauts",module,Magento_Ui
Cancel,Atcelt,module,Magento_Ui
Back,Atpakaļ,module,Magento_Ui
None,Neviens,module,Magento_Ups
Back,Atpakaļ,module,Magento_User
Reset,Notīrīt,module,Magento_User
"Are you sure you want to do this?","Vai tiešām vēlaties to darīt?",module,Magento_User
"User Name",Lietotājvārds,module,Magento_User
"First Name",Vārds,module,Magento_User
"Last Name",Uzvārds,module,Magento_User
Email,E-pasts,module,Magento_User
Status,Statuss,module,Magento_User
"Account Information","Konta informācija",module,Magento_User
"User Email","Lietotāja e-pasts",module,Magento_User
"New Password","Jauna parole",module,Magento_User
"Password Confirmation","Paroles apstiprinājums",module,Magento_User
"Interface Locale","Interfeisa lokalizācija",module,Magento_User
System,Sistēma,module,Magento_User
"Email address","E-pasta adrese",module,Magento_User
Custom,Pielāgots,module,Magento_User
All,Visi,module,Magento_User
"Add Tax","Pievienot nodokli",module,Magento_Weee
"Delete Tax","Dzēst nodokli",module,Magento_Weee
"All Websites","Visas lapas",module,Magento_Weee
FPT,"Fiksētā nodokļu likme",module,Magento_Weee
"Including FPT only","Iekļaut tikai VN",module,Magento_Weee
"Including FPT and FPT description","Iekļaut VN un VN aprakstu",module,Magento_Weee
"Excluding FPT. Including FPT description and final price","Izņemot fiksēto nodokļu likmi. Iekļaujot fiksētās nodokļu likmes aprakstu un vērtību",module,Magento_Weee
"Excluding FPT","Neiekļaut VN",module,Magento_Weee
"Fixed Product Tax","Valsts Nodeva",module,Magento_Weee
Country/State,Valsts/Štats,module,Magento_Weee
Tax,Nodokļi,module,Magento_Weee
Website,"Mājas lapa",module,Magento_Weee
Action,Darbība,module,Magento_Weee
"Excl. Tax","Bez PVN",module,Magento_Weee
Total,Kopā,module,Magento_Weee
"Incl. Tax","Ar PVN",module,Magento_Weee
"Total Incl. Tax","Kopā ar nodokli",module,Magento_Weee
"Final Price","Gala cena",module,Magento_Weee
"Now Shopping by","Atlasīts pēc",theme,frontend/Magento/luma
Previous,Iepriekšējais,theme,frontend/Magento/luma
Remove,Dzēst,theme,frontend/Magento/luma
"Remove This Item","Nodzēst Šo Vienību",theme,frontend/Magento/luma
"Shop By","Iepirkties pēc",theme,frontend/Magento/luma
"Clear All","Notīrīt Visus",theme,frontend/Magento/luma
"Shopping Options","Iepirkšanās opcijas",theme,frontend/Magento/luma
"Place Order","Veikt pasūtījumu",module,Magento_Authorizenet
"Credit Card Information","Kredītkartes informācija",module,Magento_Braintree
"What is this?","Kas tas ir?",module,Magento_Braintree
"Place Order","Veikt pasūtījumu",module,Magento_Braintree
"Attention: Captcha is case sensitive.","Uzmanību: Captcha ir reģistrjutīgs.",module,Magento_Captcha
Email:,E-pasts:,module,Magento_Customer
"Email Address","E-pasta adrese",module,Magento_Customer
"Currency Update Warnings","Valūtas atjaunināšanas brīdinājumi",module,Magento_Directory
"Place Order","Veikt pasūtījumu",module,Magento_OfflinePayments
"Place Order","Veikt pasūtījumu",module,Magento_Payment
Options,Opcijas,module,Magento_Ui
"Welcome to %store_name.","Laipni lūgti %store_name.",theme,frontend/Magento/luma
"To sign in to our site, use these credentials during checkout or on the <a href=""%customer_url"">My Account</a> page:","Lai pieslēgtos sistēmai, lietojiet šos datus iepērkoties <a href=""%customer_url"">Mans konts</a> sadaļā:",theme,frontend/Magento/luma
Email:,E-pasts:,theme,frontend/Magento/luma
Password:,Parole:,theme,frontend/Magento/luma
"Password you set when creating account","Parole kuru ievadījāt izveidojot kontu",theme,frontend/Magento/luma
"Forgot your account password? Click <a href=""%reset_url"">here</a> to reset it.","Aizmirsāt paroli? <a href=""%reset_url"">Atjaunot paroli</a>.",theme,frontend/Magento/luma
"When you sign in to your account, you will be able to:","Pieslēdzoties kontam Jūs varēsiet:",theme,frontend/Magento/luma
"Quick Checkout","Ātrā iepirkšanās",theme,frontend/Magento/luma
"Proceed through checkout faster","Iespērcieties ātrāk",theme,frontend/Magento/luma
"Order Status","Pasūtījuma statuss",theme,frontend/Magento/luma
"Check the status of orders","Pārbaudīt pasūtījumu statusu",theme,frontend/Magento/luma
"Manage Addresses","Pārvaldīt adreses",theme,frontend/Magento/luma
"Store alternative addresses","Saglabāt papildus adreses",theme,frontend/Magento/luma
"For shipping to multiple family members and friends","Piegādei vairākiem saņēmējiem",theme,frontend/Magento/luma
"Order History","Pasūtījumu vēsture",theme,frontend/Magento/luma
"View past orders","Apskatīt iepriekšējos pasūtījumus",theme,frontend/Magento/luma
"About Us","Par mums",theme,frontend/Magento/luma
"Customer Service","Klientu serviss",theme,frontend/Magento/luma
"Hours of Operation:<br /><span class=""no-link"">%store_hours</span>.","Darba laiks:<br /><span class=""no-link"">%store_hours</span>.",theme,frontend/Magento/luma
"Thank you for your order from %store_name.","Paldies par pirkumu %store_name.",theme,frontend/Magento/luma
"You can check the status of your order by <a href=""%account_url"">logging into your account</a>.","Jūs varat pārbaudīt savu pasūtījumu statusu <a href=""%account_url"">pieslēdzoties kontam</a>.",theme,frontend/Magento/luma
"If you have questions about your order, you can email us at <a href=""mailto:%store_email"">%store_email</a>.","Ja Jums ir jautājumi par pasūtījumu, sazinaties ar mums sūtot e-pastu uz <a href=""mailto:%store_email"">%store_email</a>.",theme,frontend/Magento/luma
"Your Credit Memo #%creditmemo_id for Order #%order_id","Kredītrēķins #%creditmemo_id pasūtījumam #%order_id",theme,frontend/Magento/luma
"Billing Info","Norēķinu informācija",theme,frontend/Magento/luma
"Shipping Info","Piegādes informācija",theme,frontend/Magento/luma
"Payment Method","Maksāšanas veids",theme,frontend/Magento/luma
"Shipping Method","Piegādes veids",theme,frontend/Magento/luma
"Your order #%increment_id has been updated with a status of <strong>%order_status</strong>.","Pasūtījuma #%increment_id statuss tika atjaunots uz <strong>%order_status</strong>.",theme,frontend/Magento/luma
"Your Invoice #%invoice_id for Order #%order_id","Rēķins #%invoice_id pasūtījumam #%order_id",theme,frontend/Magento/luma
"Once your package ships we will send you a tracking number.","Jums tiks izsūtīts sekošanas numurs, kad prece tiks izsūtīta.",theme,frontend/Magento/luma
"Your Order <span class=""no-link"">#%increment_id</span>","Pasūtījums <span class=""no-link"">#%increment_id</span>",theme,frontend/Magento/luma
"Placed on <span class=""no-link"">%created_at</span>","Pasūtīts <span class=""no-link"">%created_at</span>",theme,frontend/Magento/luma
"Your shipping confirmation is below. Thank you again for your business.","Piegādes informācija. Paldies par pirkumu.",theme,frontend/Magento/luma
"Your Shipment #%shipment_id for Order #%order_id","Piegāde #%shipment_id pasūtījumam #%order_id",theme,frontend/Magento/luma
"Add Products to New Option","Pievienot produktus jaunai opcijai",module,Magento_Bundle
"Add Products to Option ""%1""","Pievienot produkts opcijai: ""%1""",module,Magento_Bundle
"Incl. Tax","Ar PVN",module,Magento_ConfigurableProduct
"We don't recognize or support this file extension type.","Neatbalsta vai neatpazīst šo faila paplašinājumu.",module,Magento_ConfigurableProduct
"Are you sure you want to do this?","Vai tiešām vēlaties to darīt?",module,Magento_Customer
Done,Gatavs,module,Magento_Integration
"This is a required field.","Obligāts lauks.",module,Magento_Ui
OK,Labi,module,Magento_Ui
Close,Aizvērt,module,Magento_Ui
Ok,Labi,module,Magento_Ui
"Use HTTPS to Get Feed","Lietojiet HTTPS lai lietotu plūsmu",module,Magento_AdminNotification
"Update Frequency","Atjaunošanas biežums",module,Magento_AdminNotification
"Last Update","Pēdējo reizi atjaunots",module,Magento_AdminNotification
Severity,Nozīmīgums,module,Magento_AdminNotification
"Date Added","Pievienošanas datums",module,Magento_AdminNotification
Message,Ziņa,module,Magento_AdminNotification
Actions,Darbības,module,Magento_AdminNotification
Enabled,Ieslēgts,module,Magento_Authorizenet
"Payment Action","Maksājuma darbība",module,Magento_Authorizenet
Title,Nosaukums,module,Magento_Authorizenet
"Transaction Key","Transakcijas atslēga",module,Magento_Authorizenet
"Merchant MD5","Tirgotāja MD5",module,Magento_Authorizenet
"New Order Status","Jauna pasūtījuma statuss",module,Magento_Authorizenet
"Test Mode","Testa režīms",module,Magento_Authorizenet
"Gateway URL","Vārtejas URL",module,Magento_Authorizenet
"Transaction Details URL","Transakcijas informācijas URL",module,Magento_Authorizenet
"Accepted Currency","Akceptētā valūta",module,Magento_Authorizenet
Debug,Atkļūdot,module,Magento_Authorizenet
"Email Customer","E-pasta klientam",module,Magento_Authorizenet
"Merchant's Email","Tirgotāja e-pasts",module,Magento_Authorizenet
"Credit Card Types","Kredītkaršu veidi",module,Magento_Authorizenet
"Credit Card Verification","Kredītkartes pārbaude",module,Magento_Authorizenet
"Payment from Applicable Countries","Maksājumi no pieejamām valstīm",module,Magento_Authorizenet
"Payment from Specific Countries","Maksājumi no noteiktām valstīm",module,Magento_Authorizenet
"Minimum Order Total","Minimālā pasūtījuma summa",module,Magento_Authorizenet
"Maximum Order Total","Maksimālā pasūtījuma summa",module,Magento_Authorizenet
"Sort Order","Kārtošanas secība",module,Magento_Authorizenet
Rollback,"Iepriekšējās versijas atrite",module,Magento_Backup
"Scheduled Backup Settings","Rezerves kopiju veidošanu pēc saraksta iestatījumi",module,Magento_Backup
"Enable Scheduled Backup","Ieslēgt rezerves kopiju veidošanu pēc saraksta",module,Magento_Backup
"Backup Type","Rezerves kopijas veids",module,Magento_Backup
"Start Time","Sākuma laiks",module,Magento_Backup
Frequency,Biežums,module,Magento_Backup
"Maintenance Mode","Apkopes režīms",module,Magento_Backup
Delete,Dzēst,module,Magento_Backup
"Are you sure you want to delete the selected backup(s)?","Vai vēlaties izdzēst rezerves kopijas failu(s)?",module,Magento_Backup
Time,Laiks,module,Magento_Backup
Name,Vārds,module,Magento_Backup
Size(bytes),Lielums(bytes),module,Magento_Backup
Type,Veids,module,Magento_Backup
Download,Lejupielādēt,module,Magento_Backup
Action,Darbība,module,Magento_Backup
"Enable this Solution","Ieslēgt šo risinājumu",module,Magento_Braintree
"Enable PayPal through Braintree","Ieslēgt PayPal caur Braintree",module,Magento_Braintree
"Basic Braintree Settings","Braintree pamatiestatījumi",module,Magento_Braintree
Title,Nosaukums,module,Magento_Braintree
Environment,Vide,module,Magento_Braintree
"Payment Action","Maksājuma darbība",module,Magento_Braintree
"Merchant ID","Tirgotāja ID",module,Magento_Braintree
"Public Key","Publiskā atslēga",module,Magento_Braintree
"Private Key","Privātā atslēga",module,Magento_Braintree
"Advanced Braintree Settings","Braintree papildus iestatījumi",module,Magento_Braintree
"Merchant Account ID","Tirgotāja konta ID",module,Magento_Braintree
"Advanced Fraud Protection","Papildus krāpšanās aizsardzība",module,Magento_Braintree
Debug,Atkļūdot,module,Magento_Braintree
"CVV Verification","CVV pārbaude",module,Magento_Braintree
"Credit Card Types","Kredītkaršu veidi",module,Magento_Braintree
"Sort Order","Kārtošanas secība",module,Magento_Braintree
"Country Specific Settings","Valstij specifiski iestatījumi",module,Magento_Braintree
"Payment from Applicable Countries","Maksājumi no pieejamām valstīm",module,Magento_Braintree
"Payment from Specific Countries","Maksājumi no noteiktām valstīm",module,Magento_Braintree
"Country Specific Credit Card Types","Valstij specifiski kredītkaršu veidi",module,Magento_Braintree
"PayPal through Braintree","PayPal caur Braintree",module,Magento_Braintree
"Override Merchant Name","Pārlabot tirgotāja nosaukumu",module,Magento_Braintree
"Require Customer's Billing Address","Pieprasīt klienta norēķinu adresi",module,Magento_Braintree
"Allow to Edit Shipping Address Entered During Checkout on PayPal Side","Atļaut labot PayPal iepirkšanās laikā ievadīto piegādes adresi",module,Magento_Braintree
"Display on Shopping Cart","Rādīt iepirkumu grozā",module,Magento_Braintree
"3D Secure Verification Settings","3D Secure verifikācijas iestatījumi",module,Magento_Braintree
"3D Secure Verification","3D Secure verifikācija",module,Magento_Braintree
Type,Veids,module,Magento_Braintree
"Enable CAPTCHA in Admin","Ieslēgt CAPTCHA administrācijas panelim",module,Magento_Captcha
Font,Fonts,module,Magento_Captcha
Forms,Formas,module,Magento_Captcha
"Displaying Mode","Attēlošanas veids",module,Magento_Captcha
"Number of Unsuccessful Attempts to Login","Neveiksmīgu pieslēgšanos skaits",module,Magento_Captcha
"If 0 is specified, CAPTCHA on the Login form will be always available.","Ja ir norādīts 0, Tad CAPTCHA Pieslēgšanās formā būs vienmēr pieejama.",module,Magento_Captcha
"CAPTCHA Timeout (minutes)","CAPTCHA taimauts (minūtes)",module,Magento_Captcha
"Number of Symbols","Simbolu skaits",module,Magento_Captcha
"Please specify 8 symbols at the most. Range allowed (e.g. 3-5)","Norādiet 8 simbolus. Atļauts norādīt apgabalu (piem. 3-5)",module,Magento_Captcha
"Symbols Used in CAPTCHA","CAPTCHA lietotie simboli",module,Magento_Captcha
"Case Sensitive",Reģistrjūtīgs,module,Magento_Captcha
"Enable CAPTCHA on Storefront","Ieslēgt CAPTCHA veikala priekšpusē",module,Magento_Captcha
"CAPTCHA for ""Create user"" and ""Forgot password"" forms is always enabled if chosen.","Ja atzīmēts, tad CAPTCHA ir vienmēr ieslēgta priekš ""Izveidot jaunu lietotāju"" un ""Aizmirsta parole"" formām.",module,Magento_Captcha
"Popular Search Terms","Populārākie meklējumi",module,Magento_CatalogSearch
"Catalog Search","Kataloga meklēšana",module,Magento_CatalogSearch
"Minimal Query Length","Minimālais pieprasījuma garums",module,Magento_CatalogSearch
"Maximum Query Length","Maksimālais pieprasījuma garums",module,Magento_CatalogSearch
"Rebuild Catalog product fulltext search index","Pārbūvēt kataloga produktu pilnā teksta meklēšanas indeksus",module,Magento_CatalogSearch
"Catalog Products List","Kataloga produktu saraksts",module,Magento_CatalogWidget
"List of Products","Produktu saraksts",module,Magento_CatalogWidget
Title,Nosaukums,module,Magento_CatalogWidget
"Display Page Control","Rādīt lapas vadību",module,Magento_CatalogWidget
"Number of Products per Page","Produktu skaits lapā",module,Magento_CatalogWidget
"Number of Products to Display","Rādāmo produktu skaits",module,Magento_CatalogWidget
Template,Šablons,module,Magento_CatalogWidget
"Products Grid Template","Produktu režģa šablons",module,Magento_CatalogWidget
"Cache Lifetime (Seconds)","Kešatmiņas dzīves ilgums (sekundes)",module,Magento_CatalogWidget
"86400 by default, if not set. To refresh instantly, clear the Blocks HTML Output cache.","86400 pēc noklusējuma, ja nav iestatīts savādāk. Lai atjaunotu, iztīriet HTML bloku kešu.",module,Magento_CatalogWidget
Conditions,Nosacījumi,module,Magento_CatalogWidget
"Content Management","Satura pārvaldība",module,Magento_Cms
"CMS Home Page","CMS mājas lapa",module,Magento_Cms
"CMS No Route Page","CMS lapa bez pārvirzīšanas",module,Magento_Cms
"CMS No Cookies Page","CMS lapa bez sīkdatnēm",module,Magento_Cms
"Show Breadcrumbs for CMS Pages","Rādīt ceļu CMS lapām",module,Magento_Cms
"Redirect to CMS-page if Cookies are Disabled","Pārvirzīt uz CMS lapu, ja sīkdatnes ir izslēgtas",module,Magento_Cms
"Show Notice if JavaScript is Disabled","Rādīt paziņojumu ja JavaScript ir izslēgts",module,Magento_Cms
"WYSIWYG Options","WYSIWYG iestatījumi",module,Magento_Cms
"Enable WYSIWYG Editor","Ieslēgt WYSIWYG redaktoru",module,Magento_Cms
"CMS Page Link","CMS lapas saite",module,Magento_Cms
"Link to a CMS Page","Saite uz CMS lapu",module,Magento_Cms
"CMS Page","CMS lapa",module,Magento_Cms
"Select Page...","Izvēlēties lapu...",module,Magento_Cms
"Anchor Custom Text","Enkura teksts",module,Magento_Cms
"If empty, the Page Title will be used","Ja tukšs, tad tiks izmantots lapas nosaukums",module,Magento_Cms
"Anchor Custom Title","Enkura nosaukums",module,Magento_Cms
Template,Šablons,module,Magento_Cms
"CMS Page Link Block Template","CMS lapas saites bloka šablons",module,Magento_Cms
"CMS Page Link Inline Template","CMS lapas saites iekļautais šablons",module,Magento_Cms
"CMS Static Block","CMS statisks bloks",module,Magento_Cms
"Contents of a Static Block","Statiskā bloka saturs",module,Magento_Cms
Block,Bloks,module,Magento_Cms
"Select Block...","Izvēlēties bloku...",module,Magento_Cms
"CMS Static Block Default Template","CMS statiskā bloka noklusētais šablons",module,Magento_Cms
"General Information","Vispārīga informācija",module,Magento_Cms
"Block Title","Bloka nosaukums",module,Magento_Cms
"Page Information","Lapas informācija",module,Magento_Cms
Content,Saturs,module,Magento_Cms
"Content Heading","Satura galvene",module,Magento_Cms
"Meta Keywords","Meta atslēgas vārdi",module,Magento_Cms
"Meta Description","Meta apraksts",module,Magento_Cms
Design,Dizains,module,Magento_Cms
"Layout Update XML","Atjaunot izkārtojuma XML",module,Magento_Cms
From,No,module,Magento_Cms
To,Kam,module,Magento_Cms
"-- Please Select --","-- Lūdzu, izvēlieties --",module,Magento_Cms
Disable,Izslēgt,module,Magento_Cms
Enable,Ieslēgt,module,Magento_Cms
"Custom Theme","Pielāgota tēma",module,Magento_Cms
"Custom Layout","Pielāgots izkārtojums",module,Magento_Cms
Thumbnail,Sīktēls,module,Magento_ConfigurableProduct
System,Sistēma,module,Magento_ConfigurableProduct
"Generate Schedules Every","Ģenerēt grafikus katru",module,Magento_Cron
"Schedule Ahead for","Grafiks uz priekšu",module,Magento_Cron
"Missed if Not Run Within","Tiek izlaists ja netiek darbināts",module,Magento_Cron
"History Cleanup Every","Attīrīt vēsturi katru",module,Magento_Cron
"Success History Lifetime","Izpildīto uzdevumu uzturēšanas ilgums",module,Magento_Cron
"Failure History Lifetime","Kļūdu vēstures uzturēšanas ilgums",module,Magento_Cron
"Email Sender","E-pasta sūtītājs",module,Magento_Customer
"First Name",Vārds,module,Magento_Customer
"Last Name",Uzvārds,module,Magento_Customer
Type,Veids,module,Magento_Customer
"Account Dashboard","Konta vadības panelis",module,Magento_Customer
"Gateway URL","Vārtejas URL",module,Magento_Dhl
Title,Nosaukums,module,Magento_Dhl
"Account Number","Konta numurs",module,Magento_Dhl
"Calculate Handling Fee","Kalkulēt pakalpojuma maksu",module,Magento_Dhl
"Handling Fee","Pakalpojuma maksa",module,Magento_Dhl
"Displayed Error Message","Parādītais kļūdas ziņojums",module,Magento_Dhl
"Free Method","Bezmaksas metode",module,Magento_Dhl
"Ship to Applicable Countries","Piegāde uz piejamajām valstīm",module,Magento_Dhl
"Ship to Specific Countries","Piegāde uz norādītajām valstīm",module,Magento_Dhl
"Show Method if Not Applicable","Rādīt metodi ja nav piemērojama",module,Magento_Dhl
"Sort Order","Kārtošanas secība",module,Magento_Dhl
Debug,Atkļūdot,module,Magento_Dhl
"Currency Setup","Valūtas iestatījumi",module,Magento_Directory
"Currency Options","Valūtas opcijas",module,Magento_Directory
"Base Currency","Pamata valūta",module,Magento_Directory
"Default Display Currency","Noklusētā attēlošanas valūta",module,Magento_Directory
"Allowed Currencies","Atļautās valūtas",module,Magento_Directory
"Connection Timeout in Seconds","Pieslēguma taimauts sekundēs",module,Magento_Directory
"Scheduled Import Settings","Ieplānotas importēšanas iestatījumi",module,Magento_Directory
Enabled,Ieslēgts,module,Magento_Directory
"Error Email Recipient","E-pasta saņēmēja kļūda",module,Magento_Directory
"Error Email Sender","E-pasta sūtītāja kļūda",module,Magento_Directory
"Error Email Template","E-pasta šablona kļūda",module,Magento_Directory
"Email template chosen based on theme fallback when ""Default"" option is selected.","E-pasta šablons izvēlēts balstoties uz iepriekšējās tēmas, ja ir izvēlēta ""noklusētā"" opcija.",module,Magento_Directory
Frequency,Biežums,module,Magento_Directory
Service,Pakalpojums,module,Magento_Directory
"Start Time","Sākuma laiks",module,Magento_Directory
"Installed Currencies","Instalētās valūtas",module,Magento_Directory
"Zip/Postal Code is Optional for","Pasta indekss nav obligāts",module,Magento_Directory
"State Options","Štata opcijas",module,Magento_Directory
"State is Required for","Štats nepieciešams",module,Magento_Directory
"Allow to Choose State if It is Optional for Country","Atļaut izvēlēties štatu ja tas ir kā opcija Valstij",module,Magento_Directory
"Weight Unit","Svara vienība",module,Magento_Directory
"No Templates Found","Nav atrasti šabloni",module,Magento_Email
Subject,Tēma,module,Magento_Email
"Template Type","Šablona veids",module,Magento_Email
Action,Darbība,module,Magento_Email
Enable,Ieslēgt,module,Magento_GoogleAnalytics
"Account Number","Konta numurs",module,Magento_GoogleAnalytics
"Enable Content Experiments","Ieslēgt satura eksperimentus",module,Magento_GoogleOptimizer
"Category View Optimization","Kategorijas skata optimizācija",module,Magento_GoogleOptimizer
User,Lietotājs,module,Magento_ImportExport
Summary,Kopsavilkums,module,Magento_ImportExport
Description,Apraksts,module,Magento_Indexer
Mode,Režīms,module,Magento_Indexer
Status,Statuss,module,Magento_Indexer
"We couldn't find any records.","Nevar atrast nevienu ierakstu.",module,Magento_Integration
Status,Statuss,module,Magento_Integration
General,Vispārīgi,module,Magento_NewRelicReporting
Enabled,Ieslēgts,module,Magento_OfflinePayments
"New Order Status","Jauna pasūtījuma statuss",module,Magento_OfflinePayments
"Sort Order","Kārtošanas secība",module,Magento_OfflinePayments
Title,Nosaukums,module,Magento_OfflinePayments
"Payment from Applicable Countries","Maksājumi no pieejamām valstīm",module,Magento_OfflinePayments
"Payment from Specific Countries","Maksājumi no noteiktām valstīm",module,Magento_OfflinePayments
"Minimum Order Total","Minimālā pasūtījuma summa",module,Magento_OfflinePayments
"Maximum Order Total","Maksimālā pasūtījuma summa",module,Magento_OfflinePayments
Position,Pozīcija,module,Magento_Paypal
Title,Nosaukums,module,Magento_Paypal
"Sort Order","Kārtošanas secība",module,Magento_Paypal
"Payment Action","Maksājuma darbība",module,Magento_Paypal
Enabled,Ieslēgts,module,Magento_Paypal
User,Lietotājs,module,Magento_Paypal
"Test Mode","Testa režīms",module,Magento_Paypal
"Allow Guests to Write Reviews","Atļaut viesiem rakstīt atsauksmes",module,Magento_Review
"Admin Account Sharing","Administratora konta koplietošana",module,Magento_Security
"If set to Yes, you can log in from multiple computers into same account. Default setting No improves security.","Ja ir ieslēgts Jā, tad ir iespēja pieslēgties no vairākiem datoriem vienam kontam. Noklusētais iestatījums Nē samazina drošības riskus.",module,Magento_Security
"Limit the number of password reset request per hour. Use 0 to disable.","Limitēt paroles maiņas pieprasījumu skaitu stundā. Lietot 0 lai izslēgtu.",module,Magento_Security
"Delay in minutes between password reset requests. Use 0 to disable.","Aizture starp paroles maiņas pieprasījumiem. Lietot 0 lai atslēgtu.",module,Magento_Security
"Categories Options","Kategoriju opcijas",module,Magento_Sitemap
Frequency,Biežums,module,Magento_Sitemap
Priority,Prioritāte,module,Magento_Sitemap
"Products Options","Produkta opcijas",module,Magento_Sitemap
"CMS Pages Options","CMS lapas opcijas",module,Magento_Sitemap
"Generation Settings","Ģenerēšanas iestatījumi",module,Magento_Sitemap
Enabled,Ieslēgts,module,Magento_Sitemap
"Error Email Recipient","E-pasta saņēmēja kļūda",module,Magento_Sitemap
"Error Email Sender","E-pasta sūtītāja kļūda",module,Magento_Sitemap
"Error Email Template","E-pasta šablona kļūda",module,Magento_Sitemap
"Start Time","Sākuma laiks",module,Magento_Sitemap
"Link for Google","Saite priekš Google",module,Magento_Sitemap
Action,Darbība,module,Magento_Sitemap
Action,Darbība,module,Magento_Ui
"Free Method","Bezmaksas metode",module,Magento_Ups
"Gateway URL","Vārtejas URL",module,Magento_Ups
"Calculate Handling Fee","Kalkulēt pakalpojuma maksu",module,Magento_Ups
"Handling Fee","Pakalpojuma maksa",module,Magento_Ups
"Sort Order","Kārtošanas secība",module,Magento_Ups
Title,Nosaukums,module,Magento_Ups
"Ship to Applicable Countries","Piegāde uz piejamajām valstīm",module,Magento_Ups
"Ship to Specific Countries","Piegāde uz norādītajām valstīm",module,Magento_Ups
"Show Method if Not Applicable","Rādīt metodi ja nav piemērojama",module,Magento_Ups
"Displayed Error Message","Parādītais kļūdas ziņojums",module,Magento_Ups
Mode,Režīms,module,Magento_Ups
Debug,Atkļūdot,module,Magento_Ups
"Fixed Product Taxes","Valsts Nodevas",module,Magento_Weee
"Enable FPT","Ieslēgt VN",module,Magento_Weee
"Display Prices In Product Lists","Rādīt cenas produktu sarakstos",module,Magento_Weee
"Display Prices On Product View Page","Rādīt cenas produkta skata lapā",module,Magento_Weee
"Display Prices In Sales Modules","Rādīt cenas pārdošanas moduļos",module,Magento_Weee
"Display Prices In Emails","Rādīt cenas e-pastos",module,Magento_Weee
"Apply Tax To FPT","Pielietot nodokli fiksētajai nodokļu likmei",module,Magento_Weee
"Include FPT In Subtotal","Iekļaut VN starpsummā",module,Magento_Weee
